EstablecimientoCodigo,Cluster,Volumen_Total,Promedio_Semanal,Max_Semanal,Semanas_Con_Datos,RegionCodigo,ServicioSaludCodigo,NivelAtencion,NivelComplejidad,RegionNombre
111100,0,220116.0,337.0842266462481,1107.0,630,13,11,3,3.0,Metropolitana
125100,0,211497.0,323.88514548238896,1229.0,652,11,25,3,3.0,Aysén
116802,0,207732.0,318.11944869831547,1053.0,651,7,16,1,1.0,Maule
200123,0,202589.0,310.24349157733536,852.0,653,13,10,1,1.0,Metropolitana
200124,0,198613.0,304.1546707503828,887.0,631,13,10,1,1.0,Metropolitana
118814,0,196156.0,300.3920367534456,799.0,653,8,18,1,1.0,Biobío
102806,0,193003.0,295.5635528330781,677.0,652,1,2,1,1.0,Tarapacá
200118,0,192099.0,294.1791730474732,895.0,652,13,10,1,1.0,Metropolitana
111101,0,191378.0,293.0750382848392,1294.0,650,13,11,3,3.0,Metropolitana
200122,0,190467.0,291.6799387442573,898.0,648,13,10,1,1.0,Metropolitana
117102,0,188797.0,289.12251148545175,797.0,653,16,17,3,3.0,Ñuble
200130,0,188678.0,288.94027565084224,848.0,653,13,10,1,1.0,Metropolitana
112102,0,187927.0,287.79019908116385,866.0,653,13,12,3,3.0,Metropolitana
116803,0,185724.0,284.41653905053596,932.0,644,7,16,1,1.0,Maule
126100,0,184744.0,282.9157733537519,980.0,653,12,26,3,3.0,Magallanes
114805,0,184584.0,282.6707503828484,763.0,653,13,14,1,1.0,Metropolitana
113823,0,184281.0,282.20673813169986,919.0,653,13,13,1,1.0,Metropolitana
120815,0,183339.0,280.76416539050535,984.0,653,8,20,1,1.0,Biobío
116840,0,180506.0,276.4257274119449,855.0,653,7,16,1,1.0,Maule
200150,0,179048.0,274.1929555895865,652.0,653,8,18,1,1.0,Biobío
116820,0,178418.0,273.22817764165393,966.0,653,7,16,1,1.0,Maule
122100,0,177867.0,272.3843797856049,990.0,653,14,22,3,3.0,Los Ríos
116829,0,174260.0,266.8606431852986,664.0,653,7,16,1,1.0,Maule
129803,0,173727.0,266.04441041347627,802.0,643,9,29,1,1.0,Araucanía
115107,0,173339.0,265.4502297090352,868.0,653,6,15,3,3.0,O'Higgins
129100,0,172269.0,263.8116385911179,816.0,653,9,29,3,3.0,Araucanía
200085,0,171145.0,262.0903522205207,614.0,653,10,23,1,1.0,Los Lagos
120102,0,170739.0,261.468606431853,717.0,653,8,20,1,1.0,Biobío
114804,0,170727.0,261.4502297090352,774.0,653,13,14,1,1.0,Metropolitana
200133,0,169919.0,260.21286370597244,767.0,653,13,10,1,1.0,Metropolitana
200138,0,169552.0,259.65084226646246,1231.0,653,13,10,1,1.0,Metropolitana
119100,0,168579.0,258.16079632465545,725.0,653,8,19,3,3.0,Biobío
121109,0,167408.0,256.36753445635526,744.0,653,9,21,3,3.0,Araucanía
118818,0,167305.0,256.20980091883615,779.0,653,8,18,1,1.0,Biobío
109805,0,166845.0,255.5053598774885,716.0,653,13,9,1,1.0,Metropolitana
123800,0,166790.0,255.42113323124042,680.0,653,10,23,1,1.0,Los Lagos
113829,0,166628.0,255.17304747320063,818.0,653,13,13,1,1.0,Metropolitana
118100,0,166178.0,254.48392036753447,655.0,653,8,18,3,3.0,Biobío
121803,0,165396.0,253.2863705972435,776.0,653,9,21,1,1.0,Araucanía
124810,0,164673.0,252.1791730474732,2582.0,653,10,24,1,1.0,Los Lagos
103800,0,163201.0,249.9249617151608,587.0,652,2,3,1,1.0,Antofagasta
109824,0,162522.0,248.88514548238896,746.0,653,13,9,1,1.0,Metropolitana
113802,0,161465.0,247.26646248085757,908.0,653,13,13,1,1.0,Metropolitana
102800,0,160439.0,245.69525267993873,648.0,653,1,2,1,1.0,Tarapacá
113815,0,159486.0,244.23583460949465,690.0,652,13,13,1,1.0,Metropolitana
123801,0,158373.0,242.53139356814702,618.0,653,10,23,1,1.0,Los Lagos
117801,0,157607.0,241.3583460949464,842.0,653,16,17,1,1.0,Ñuble
120811,0,157382.0,241.01378254211332,900.0,650,8,20,1,1.0,Biobío
111806,0,157090.0,240.5666156202144,612.0,653,13,11,1,1.0,Metropolitana
114807,0,156934.0,240.32771822358347,685.0,653,13,14,1,1.0,Metropolitana
114819,0,156800.0,240.12251148545175,640.0,653,13,14,1,1.0,Metropolitana
111804,0,155264.0,237.77029096477796,824.0,653,13,11,1,1.0,Metropolitana
115100,0,155098.0,237.51607963246553,630.0,653,6,15,3,3.0,O'Higgins
113828,0,155058.0,237.45482388973966,684.0,653,13,13,1,1.0,Metropolitana
111805,0,154472.0,236.55742725880552,728.0,653,13,11,1,1.0,Metropolitana
112816,0,154336.0,236.3491577335375,802.0,653,13,12,1,1.0,Metropolitana
112820,0,153388.0,234.89739663093414,798.0,635,13,12,1,1.0,Metropolitana
112815,0,153334.0,234.8147013782542,697.0,653,13,12,1,1.0,Metropolitana
118806,0,152297.0,233.22664624808576,572.0,653,8,18,1,1.0,Biobío
112818,0,151998.0,232.7687595712098,620.0,653,13,12,1,1.0,Metropolitana
106826,0,151910.0,232.63399693721286,712.0,653,5,6,1,1.0,Valparaíso
113803,0,151487.0,231.98621745788668,594.0,653,13,13,1,1.0,Metropolitana
200125,0,151464.0,231.9509954058193,777.0,653,13,10,1,1.0,Metropolitana
113890,0,151451.0,231.93108728943338,717.0,653,13,13,1,1.0,Metropolitana
118106,0,151384.0,231.82848392036755,798.0,653,8,18,3,3.0,Biobío
124105,0,150020.0,229.739663093415,658.0,652,10,24,3,3.0,Los Lagos
105805,0,149863.0,229.49923430321593,631.0,645,4,5,1,1.0,Coquimbo
115104,0,148811.0,227.88820826952528,771.0,647,6,15,3,2.0,O'Higgins
109813,0,148392.0,227.24655436447168,737.0,650,13,9,1,1.0,Metropolitana
113813,0,148157.0,226.8866768759571,586.0,653,13,13,1,1.0,Metropolitana
114809,0,148083.0,226.77335375191424,574.0,652,13,14,1,1.0,Metropolitana
200111,0,147845.0,226.40888208269524,716.0,573,5,7,1,1.0,Valparaíso
119807,0,147844.0,226.4073506891271,591.0,653,8,19,1,1.0,Biobío
200189,0,147119.0,225.29709035222052,1042.0,511,13,11,1,1.0,Metropolitana
200117,0,147078.0,225.2343032159265,633.0,653,13,11,1,1.0,Metropolitana
106829,0,146860.0,224.90045941807045,744.0,653,5,6,1,1.0,Valparaíso
120805,0,146328.0,224.08575803981623,594.0,653,8,20,1,1.0,Biobío
114825,0,145886.0,223.40888208269524,814.0,652,13,14,1,1.0,Metropolitana
200119,0,145158.0,222.29402756508424,715.0,653,13,10,1,1.0,Metropolitana
126801,0,144844.0,221.81316998468606,738.0,652,12,26,1,1.0,Magallanes
112807,0,144457.0,221.22052067381318,739.0,653,13,12,1,1.0,Metropolitana
118817,0,143697.0,220.05666156202145,587.0,652,8,18,1,1.0,Biobío
116105,0,143367.0,219.55130168453292,638.0,653,7,16,3,3.0,Maule
116811,0,143294.0,219.4395099540582,592.0,653,7,16,1,1.0,Maule
114817,0,142827.0,218.72434915773354,641.0,652,13,14,1,1.0,Metropolitana
200095,0,142124.0,217.64777947932618,637.0,555,15,1,1,1.0,Arica y Parinacota
124130,0,141866.0,217.25267993874425,654.0,648,10,24,1,1.0,Los Lagos
109808,0,141852.0,217.2312404287902,675.0,653,13,9,1,1.0,Metropolitana
118826,0,141533.0,216.7427258805513,509.0,653,8,18,1,1.0,Biobío
113812,0,141163.0,216.1761102603369,593.0,653,13,13,1,1.0,Metropolitana
200126,0,141132.0,216.12863705972435,682.0,653,13,10,1,1.0,Metropolitana
113180,0,140420.0,215.03828483920367,803.0,653,13,13,3,3.0,Metropolitana
119809,0,140100.0,214.54823889739663,568.0,653,8,19,1,1.0,Biobío
119802,0,138802.0,212.5604900459418,565.0,653,8,19,1,1.0,Biobío
114808,0,138418.0,211.97243491577336,619.0,653,13,14,1,1.0,Metropolitana
119804,0,137739.0,210.93261868300152,567.0,653,8,19,1,1.0,Biobío
110160,0,137497.0,210.56202143950995,1176.0,653,13,10,1,1.0,Metropolitana
118813,0,137076.0,209.91730474732006,515.0,653,8,18,1,1.0,Biobío
122201,0,137015.0,209.8238897396631,626.0,653,14,22,1,1.0,Los Ríos
116100,0,136861.0,209.58805513016844,543.0,653,7,16,3,3.0,Maule
200141,0,136747.0,209.4134762633997,576.0,653,13,11,1,1.0,Metropolitana
107805,0,136685.0,209.31852986217459,591.0,586,5,7,1,1.0,Valparaíso
107800,0,135789.0,207.94640122511484,793.0,583,5,7,1,1.0,Valparaíso
117811,0,135523.0,207.53905053598774,734.0,653,16,17,1,1.0,Ñuble
109802,0,135041.0,206.80091883614088,610.0,653,13,9,1,1.0,Metropolitana
200011,0,134366.0,205.76722817764164,669.0,653,13,13,1,1.0,Metropolitana
107101,0,134252.0,205.5926493108729,651.0,653,5,7,3,3.0,Valparaíso
103802,0,134001.0,205.20826952526798,509.0,651,2,3,1,1.0,Antofagasta
200107,0,133992.0,205.19448698315466,497.0,652,5,6,1,1.0,Valparaíso
113814,0,133878.0,205.01990811638592,648.0,653,13,13,1,1.0,Metropolitana
200086,0,131825.0,201.8759571209801,576.0,598,8,19,1,1.0,Biobío
200175,0,131805.0,201.84532924961715,595.0,616,9,29,1,1.0,Araucanía
104100,0,131014.0,200.63399693721286,735.0,653,3,4,3,3.0,Atacama
116805,0,130978.0,200.57886676875958,575.0,653,7,16,1,1.0,Maule
113820,0,130872.0,200.416539050536,621.0,653,13,13,1,1.0,Metropolitana
200131,0,130301.0,199.54211332312406,565.0,652,13,10,1,1.0,Metropolitana
112806,0,129626.0,198.50842266462482,646.0,653,13,12,1,1.0,Metropolitana
200458,0,129241.0,197.9188361408882,945.0,421,14,22,1,1.0,Los Ríos
113831,0,127762.0,195.65390505359878,524.0,653,13,13,1,1.0,Metropolitana
113832,0,127747.0,195.63093415007657,578.0,653,13,13,1,1.0,Metropolitana
200094,0,125481.0,192.16079632465545,454.0,653,15,1,1,1.0,Arica y Parinacota
113822,0,125277.0,191.84839203675344,512.0,653,13,13,1,1.0,Metropolitana
115850,0,125061.0,191.51761102603368,591.0,651,6,15,1,1.0,O'Higgins
200103,0,124235.0,190.25267993874425,582.0,653,3,4,1,1.0,Atacama
113808,0,124184.0,190.17457886676877,548.0,653,13,13,1,1.0,Metropolitana
107102,0,123434.0,189.0260336906585,597.0,650,5,7,3,3.0,Valparaíso
107828,0,122247.0,187.20826952526798,673.0,586,5,7,1,1.0,Valparaíso
105822,0,121771.0,186.47932618683,577.0,651,4,5,1,1.0,Coquimbo
200102,0,120967.0,185.24808575803982,756.0,573,3,4,1,1.0,Atacama
102100,0,119354.0,182.77794793261867,507.0,653,1,2,3,3.0,Tarapacá
105100,0,118677.0,181.74119448698315,561.0,651,4,5,3,3.0,Coquimbo
200580,0,118179.0,180.97856049004594,937.0,370,8,18,1,1.0,Biobío
200137,0,117762.0,180.33996937212865,547.0,653,13,10,1,1.0,Metropolitana
200348,0,116575.0,178.52220520673814,760.0,466,2,3,1,1.0,Antofagasta
115800,0,114698.0,175.64777947932618,570.0,653,6,15,1,1.0,O'Higgins
200178,1,127125.0,194.67840735068913,710.0,651,8,20,1,1.0,Biobío
200139,1,124800.0,191.11791730474732,684.0,653,13,10,1,1.0,Metropolitana
111800,1,122577.0,187.7136294027565,616.0,653,13,11,1,1.0,Metropolitana
115110,1,120913.0,185.16539050535988,659.0,653,6,15,3,2.0,O'Higgins
129103,1,120493.0,184.52220520673814,4460.0,653,9,29,1,1.0,Araucanía
200128,1,120044.0,183.83460949464012,665.0,653,13,10,1,1.0,Metropolitana
114814,1,119857.0,183.54823889739663,619.0,653,13,14,1,1.0,Metropolitana
200127,1,119853.0,183.54211332312406,629.0,653,13,10,1,1.0,Metropolitana
124805,1,119774.0,183.42113323124042,536.0,651,10,24,1,1.0,Los Lagos
112814,1,119708.0,183.32006125574273,533.0,652,13,12,1,1.0,Metropolitana
200179,1,119385.0,182.82542113323123,534.0,623,8,20,1,1.0,Biobío
116832,1,118755.0,181.8606431852986,762.0,652,7,16,1,1.0,Maule
116823,1,118617.0,181.64931087289435,552.0,649,7,16,1,1.0,Maule
118809,1,118296.0,181.15773353751914,485.0,653,8,18,1,1.0,Biobío
200097,1,117656.0,180.17764165390506,1021.0,653,2,3,1,1.0,Antofagasta
200010,1,117207.0,179.49004594180704,472.0,653,13,13,1,1.0,Metropolitana
116807,1,116818.0,178.89433384379785,467.0,653,7,16,1,1.0,Maule
200077,1,116620.0,178.59111791730476,573.0,615,8,18,1,1.0,Biobío
113818,1,115417.0,176.7488514548239,531.0,653,13,13,1,1.0,Metropolitana
109804,1,114646.0,175.56814701378255,577.0,620,13,9,1,1.0,Metropolitana
200106,1,114612.0,175.51607963246553,435.0,653,5,6,1,1.0,Valparaíso
108101,1,114526.0,175.3843797856049,576.0,653,5,8,3,3.0,Valparaíso
124806,1,114426.0,175.2312404287902,459.0,652,10,24,1,1.0,Los Lagos
106811,1,114217.0,174.9111791730475,474.0,652,5,6,1,1.0,Valparaíso
105802,1,113983.0,174.55283307810106,503.0,653,4,5,1,1.0,Coquimbo
107808,1,113135.0,173.2542113323124,709.0,587,5,7,1,1.0,Valparaíso
200176,1,112960.0,172.98621745788668,527.0,628,10,33,1,1.0,Los Lagos
105823,1,111850.0,171.2863705972435,541.0,624,4,5,1,1.0,Coquimbo
119808,1,111837.0,171.26646248085757,715.0,391,8,19,1,1.0,Biobío
113806,1,111496.0,170.74425727411946,492.0,653,13,13,1,1.0,Metropolitana
200167,1,111475.0,170.71209800918837,660.0,653,10,24,1,1.0,Los Lagos
110140,1,111227.0,170.3323124042879,544.0,653,13,10,3,2.0,Metropolitana
200142,1,110270.0,168.86676875957122,517.0,638,13,12,1,1.0,Metropolitana
122104,1,109948.0,168.37366003062786,520.0,653,14,22,1,1.0,Los Ríos
200177,1,109665.0,167.94027565084227,1310.0,623,8,20,1,1.0,Biobío
108100,1,109427.0,167.57580398162327,533.0,653,5,8,3,3.0,Valparaíso
128111,1,109252.0,167.30781010719755,640.0,653,8,28,1,1.0,Biobío
113807,1,109028.0,166.96477794793262,521.0,653,13,13,1,1.0,Metropolitana
119803,1,108723.0,166.49770290964778,451.0,652,8,19,1,1.0,Biobío
112813,1,108718.0,166.49004594180704,503.0,653,13,12,1,1.0,Metropolitana
114802,1,108648.0,166.38284839203675,460.0,652,13,14,1,1.0,Metropolitana
200173,1,108362.0,165.9448698315467,529.0,653,8,28,1,1.0,Biobío
200148,1,108253.0,165.77794793261867,425.0,648,7,16,1,1.0,Maule
103801,1,108246.0,165.76722817764164,399.0,647,2,3,1,1.0,Antofagasta
122200,1,108206.0,165.70597243491576,516.0,650,14,22,1,1.0,Los Ríos
129106,1,107362.0,164.4134762633997,655.0,549,9,29,3,3.0,Araucanía
105819,1,107156.0,164.0980091883614,637.0,649,4,5,1,1.0,Coquimbo
200113,1,106637.0,163.3032159264931,557.0,586,5,7,1,1.0,Valparaíso
200101,1,105879.0,162.14241960183767,553.0,653,3,4,1,1.0,Atacama
128110,1,105688.0,161.84992343032158,515.0,653,8,28,1,1.0,Biobío
114824,1,105444.0,161.47626339969372,538.0,653,13,14,1,1.0,Metropolitana
105804,1,105120.0,160.98009188361408,576.0,646,4,5,1,1.0,Coquimbo
122810,1,104090.0,159.40275650842267,493.0,653,14,22,1,1.0,Los Ríos
117103,1,102805.0,157.43491577335377,533.0,653,16,17,1,1.0,Ñuble
200129,1,102797.0,157.4226646248086,483.0,652,13,10,1,1.0,Metropolitana
106827,1,102792.0,157.41500765696784,425.0,653,5,6,1,1.0,Valparaíso
107108,1,102129.0,156.39969372128638,534.0,652,5,7,1,1.0,Valparaíso
106103,1,102087.0,156.3353751914242,799.0,653,5,6,3,3.0,Valparaíso
121121,1,101485.0,155.4134762633997,858.0,647,9,21,3,2.0,Araucanía
119805,1,100960.0,154.6094946401225,510.0,653,8,19,1,1.0,Biobío
126800,1,100825.0,154.40275650842267,489.0,652,12,26,1,1.0,Magallanes
200955,1,100339.0,153.6584992343032,918.0,382,13,9,1,1.0,Metropolitana
200136,1,100217.0,153.4716692189893,452.0,653,13,10,1,1.0,Metropolitana
113150,1,99914.0,153.00765696784075,681.0,653,13,13,3,2.0,Metropolitana
129104,1,99630.0,152.57274119448698,453.0,652,9,29,3,2.0,Araucanía
105803,1,99612.0,152.54517611026034,531.0,652,4,5,1,1.0,Coquimbo
200105,1,99168.0,151.86523736600307,507.0,651,4,5,1,1.0,Coquimbo
128113,1,98465.0,150.7886676875957,509.0,653,8,28,1,1.0,Biobío
200100,1,98157.0,150.31699846860644,482.0,653,3,4,1,1.0,Atacama
116109,1,97978.0,150.04287901990813,540.0,653,7,16,3,2.0,Maule
114831,1,97667.0,149.5666156202144,496.0,652,13,14,1,1.0,Metropolitana
200051,1,97323.0,149.0398162327718,460.0,649,13,14,1,1.0,Metropolitana
105817,1,96671.0,148.04134762633996,523.0,651,4,5,1,1.0,Coquimbo
114828,1,96332.0,147.52220520673814,474.0,644,13,14,1,1.0,Metropolitana
200174,1,96171.0,147.27565084226646,477.0,653,9,29,1,1.0,Araucanía
108811,1,96126.0,147.20673813169984,411.0,652,5,8,1,1.0,Valparaíso
115101,1,96095.0,147.15926493108728,509.0,653,6,15,1,1.0,O'Higgins
104103,1,95947.0,146.93261868300152,455.0,653,3,4,3,2.0,Atacama
122106,1,95480.0,146.21745788667687,457.0,653,14,22,1,1.0,Los Ríos
102802,1,95155.0,145.71975497702908,346.0,653,1,2,1,1.0,Tarapacá
122802,1,94998.0,145.47932618683,416.0,652,14,22,1,1.0,Los Ríos
105102,1,94658.0,144.95865237366004,528.0,653,4,5,3,3.0,Coquimbo
200159,1,94066.0,144.052067381317,476.0,650,9,21,1,1.0,Araucanía
116108,1,94036.0,144.0061255742726,496.0,653,7,16,3,3.0,Maule
113826,1,93599.0,143.33690658499233,466.0,653,13,13,1,1.0,Metropolitana
200140,1,93588.0,143.32006125574273,432.0,652,13,10,1,1.0,Metropolitana
110891,1,93400.0,143.0321592649311,549.0,628,13,10,1,1.0,Metropolitana
200166,1,93197.0,142.72128637059726,418.0,651,14,22,1,1.0,Los Ríos
200743,1,92905.0,142.27411944869831,379.0,652,13,9,1,1.0,Metropolitana
200581,1,92295.0,141.33996937212865,956.0,370,8,18,1,1.0,Biobío
200098,1,91385.0,139.94640122511484,344.0,650,2,3,1,1.0,Antofagasta
200952,1,91326.0,139.85604900459418,486.0,583,3,4,1,1.0,Atacama
200134,1,91281.0,139.78713629402756,377.0,653,13,10,1,1.0,Metropolitana
200108,1,91102.0,139.51301684532925,351.0,653,5,6,1,1.0,Valparaíso
102803,1,90770.0,139.00459418070443,469.0,650,1,2,1,1.0,Tarapacá
106804,1,90592.0,138.73200612557426,350.0,653,5,6,1,1.0,Valparaíso
115803,1,90301.0,138.2863705972435,399.0,653,6,15,1,1.0,O'Higgins
200268,1,90064.0,137.92343032159266,566.0,529,5,6,1,1.0,Valparaíso
125101,1,89654.0,137.29555895865238,532.0,652,11,25,3,2.0,Aysén
200144,1,89490.0,137.04441041347627,401.0,630,13,14,1,1.0,Metropolitana
200120,1,89258.0,136.68912710566616,476.0,651,13,10,1,1.0,Metropolitana
200121,1,88519.0,135.55742725880552,415.0,652,13,10,1,1.0,Metropolitana
200151,1,88402.0,135.37825421133232,490.0,653,8,19,1,1.0,Biobío
120103,1,88293.0,135.2113323124043,540.0,651,8,20,1,1.0,Biobío
109821,1,87903.0,134.61408882082696,437.0,643,13,9,1,1.0,Metropolitana
201036,1,87512.0,134.01531393568146,708.0,276,1,2,1,1.0,Tarapacá
115805,1,87320.0,133.72128637059726,486.0,653,6,15,1,1.0,O'Higgins
103101,1,86006.0,131.70903522205208,446.0,653,2,3,3,3.0,Antofagasta
119102,1,85961.0,131.64012251148546,377.0,652,8,19,3,2.0,Biobío
200104,1,85899.0,131.54517611026034,419.0,653,3,4,1,1.0,Atacama
106800,1,85891.0,131.53292496171517,398.0,653,5,6,1,1.0,Valparaíso
200924,1,85677.0,131.2052067381317,722.0,302,9,21,1,1.0,Araucanía
123102,1,85608.0,131.09954058192955,441.0,653,10,23,2,1.0,Los Lagos
123101,1,84708.0,129.72128637059726,375.0,653,10,23,3,2.0,Los Lagos
118810,1,84665.0,129.65543644716692,361.0,653,8,18,1,1.0,Biobío
110150,1,84262.0,129.03828483920367,474.0,653,13,10,3,3.0,Metropolitana
200110,1,83755.0,128.26186830015314,584.0,582,5,7,1,1.0,Valparaíso
120104,1,83570.0,127.97856049004594,304.0,653,8,20,1,1.0,Biobío
122814,1,83125.0,127.29709035222052,393.0,653,14,22,1,1.0,Los Ríos
200132,1,82992.0,127.09341500765697,422.0,648,13,10,1,1.0,Metropolitana
114816,1,82669.0,126.59877488514549,458.0,653,13,14,1,1.0,Metropolitana
200171,1,82313.0,126.05359877488515,388.0,651,12,26,1,1.0,Magallanes
121806,1,82183.0,125.85451761102604,353.0,642,9,21,1,1.0,Araucanía
122105,1,81389.0,124.6385911179173,437.0,653,14,22,1,1.0,Los Ríos
126101,1,80837.0,123.79326186830015,387.0,653,12,26,3,2.0,Magallanes
122801,1,80417.0,123.1500765696784,355.0,652,14,22,1,1.0,Los Ríos
133155,1,80112.0,122.68300153139357,401.0,653,10,33,3,2.0,Los Lagos
200169,1,79959.0,122.44869831546707,363.0,653,10,24,1,1.0,Los Lagos
200099,1,79692.0,122.03981623277183,451.0,587,3,4,1,1.0,Atacama
200522,1,79669.0,122.00459418070444,589.0,401,7,16,1,1.0,Maule
200925,1,79095.0,121.12557427258805,403.0,493,5,6,1,1.0,Valparaíso
121114,1,78919.0,120.85604900459418,331.0,651,9,21,3,2.0,Araucanía
201140,1,78619.0,120.39663093415008,780.0,233,8,18,1,1.0,Biobío
105826,1,78611.0,120.3843797856049,583.0,634,4,5,1,1.0,Coquimbo
115108,1,78407.0,120.07197549770291,369.0,653,6,15,1,1.0,O'Higgins
200933,1,78170.0,119.70903522205207,413.0,534,13,11,1,1.0,Metropolitana
200109,1,78064.0,119.54670750382849,345.0,652,5,6,1,1.0,Valparaíso
133150,1,78011.0,119.46554364471669,343.0,653,10,33,3,3.0,Los Lagos
200146,1,77190.0,118.208269525268,448.0,653,6,15,1,1.0,O'Higgins
200733,1,76728.0,117.50076569678407,367.0,653,10,33,1,1.0,Los Lagos
200172,1,76620.0,117.33537519142419,325.0,653,8,28,1,1.0,Biobío
115105,1,76245.0,116.76110260336907,488.0,653,6,15,1,1.0,O'Higgins
116110,1,76070.0,116.49310872894334,369.0,652,7,16,3,2.0,Maule
105825,1,75838.0,116.13782542113323,442.0,618,4,5,1,1.0,Coquimbo
200145,1,75767.0,116.0290964777948,453.0,653,6,15,1,1.0,O'Higgins
200168,1,75760.0,116.01837672281776,353.0,622,10,24,1,1.0,Los Lagos
120106,1,75691.0,115.91271056661562,387.0,653,8,20,1,1.0,Biobío
200479,1,75618.0,115.8009188361409,885.0,392,13,10,1,1.0,Metropolitana
124110,1,75357.0,115.40122511485451,367.0,645,10,24,1,1.0,Los Lagos
117828,1,75219.0,115.18989280245023,435.0,653,16,17,1,1.0,Ñuble
109890,1,74697.0,114.3905053598775,461.0,637,13,9,1,1.0,Metropolitana
114105,1,74688.0,114.37672281776416,383.0,652,13,14,3,3.0,Metropolitana
200562,1,74584.0,114.21745788667688,537.0,384,6,15,1,1.0,O'Higgins
121117,1,74022.0,113.35681470137825,354.0,653,9,21,3,2.0,Araucanía
106105,1,73871.0,113.12557427258805,330.0,653,5,6,1,1.0,Valparaíso
200776,1,72715.0,111.35528330781011,632.0,318,7,16,1,1.0,Maule
117108,1,72316.0,110.74425727411945,335.0,652,16,17,1,1.0,Ñuble
200860,1,72149.0,110.4885145482389,316.0,653,6,15,1,1.0,O'Higgins
107821,1,71283.0,109.16232771822358,379.0,585,5,7,1,1.0,Valparaíso
117104,1,70641.0,108.1791730474732,525.0,653,16,17,1,1.0,Ñuble
200932,1,70578.0,108.08269525267994,356.0,651,13,14,1,1.0,Metropolitana
115106,1,70145.0,107.41960183767227,362.0,653,6,15,1,1.0,O'Higgins
103102,1,69968.0,107.14854517611026,418.0,653,2,3,1,1.0,Antofagasta
116102,1,69724.0,106.77488514548239,333.0,653,7,16,1,1.0,Maule
117824,1,69629.0,106.62940275650843,283.0,653,16,17,1,1.0,Ñuble
129101,1,69137.0,105.87595712098009,347.0,652,9,29,1,1.0,Araucanía
122102,1,68737.0,105.26339969372128,304.0,653,14,22,1,1.0,Los Ríos
103807,1,67825.0,103.86676875957122,340.0,645,2,3,1,1.0,Antofagasta
115823,1,67563.0,103.46554364471669,450.0,653,6,15,1,1.0,O'Higgins
128109,1,67493.0,103.3583460949464,354.0,653,8,28,3,2.0,Biobío
200156,1,67226.0,102.94946401225116,589.0,308,9,21,1,1.0,Araucanía
105801,1,67082.0,102.72894333843797,397.0,495,4,5,1,1.0,Coquimbo
112810,1,66740.0,102.2052067381317,327.0,653,13,12,1,1.0,Metropolitana
122812,1,66166.0,101.32618683001532,319.0,642,14,22,1,1.0,Los Ríos
119101,1,65889.0,100.9019908116386,310.0,653,8,19,3,3.0,Biobío
102807,1,65856.0,100.85145482388974,325.0,652,1,2,1,1.0,Tarapacá
200863,1,65675.0,100.57427258805512,410.0,653,6,15,1,1.0,O'Higgins
103806,1,64322.0,98.50229709035222,308.0,649,2,3,1,1.0,Antofagasta
105101,1,64103.0,98.16692189892802,321.0,652,4,5,3,3.0,Coquimbo
200041,1,63908.0,97.86830015313936,295.0,626,13,9,1,1.0,Metropolitana
200780,1,63573.0,97.35528330781011,510.0,320,7,16,1,1.0,Maule
133165,1,63536.0,97.29862174578867,350.0,653,10,33,1,1.0,Los Lagos
200855,1,63484.0,97.21898928024503,361.0,652,6,15,1,1.0,O'Higgins
129107,1,63296.0,96.93108728943338,1395.0,650,9,29,1,1.0,Araucanía
120105,1,63165.0,96.73047473200613,325.0,653,8,20,1,1.0,Biobío
200851,1,63111.0,96.64777947932619,327.0,652,6,15,1,1.0,O'Higgins
107105,1,63057.0,96.56508422664625,477.0,590,5,7,1,1.0,Valparaíso
200495,1,62884.0,96.30015313935681,660.0,325,8,20,1,1.0,Biobío
109104,1,62432.0,95.60796324655436,311.0,647,13,9,1,1.0,Metropolitana
200876,1,62378.0,95.52526799387442,544.0,391,13,10,1,1.0,Metropolitana
122103,1,62306.0,95.41500765696784,335.0,653,14,22,1,1.0,Los Ríos
105107,1,61052.0,93.49464012251148,397.0,618,4,5,1,1.0,Coquimbo
201147,1,60861.0,93.2021439509954,644.0,229,1,2,1,1.0,Tarapacá
200852,1,60510.0,92.66462480857581,270.0,653,6,15,1,1.0,O'Higgins
113100,1,59950.0,91.80704441041348,272.0,653,13,13,3,3.0,Metropolitana
115112,1,59872.0,91.68759571209802,291.0,652,6,15,1,1.0,O'Higgins
200623,1,59760.0,91.51607963246555,585.0,347,6,15,1,1.0,O'Higgins
200718,1,59507.0,91.12863705972435,712.0,325,16,17,1,1.0,Ñuble
105104,1,59290.0,90.79632465543645,294.0,653,4,5,1,1.0,Coquimbo
120107,1,59223.0,90.6937212863706,326.0,653,8,20,1,1.0,Biobío
105108,1,58888.0,90.18070444104134,374.0,650,4,5,1,1.0,Coquimbo
118107,1,58631.0,89.78713629402756,295.0,653,8,18,1,1.0,Biobío
200782,1,58540.0,89.64777947932619,511.0,319,7,16,1,1.0,Maule
117107,1,57853.0,88.59571209800919,321.0,653,16,17,1,1.0,Ñuble
115109,1,57742.0,88.42572741194488,300.0,652,6,15,1,1.0,O'Higgins
109100,1,57439.0,87.96171516079633,333.0,653,13,9,3,3.0,Metropolitana
116101,1,57144.0,87.50995405819296,344.0,652,7,16,1,1.0,Maule
103100,1,56666.0,86.77794793261869,286.0,653,2,3,3,3.0,Antofagasta
200163,1,56581.0,86.64777947932619,245.0,640,14,22,1,1.0,Los Ríos
111195,1,56185.0,86.04134762633997,380.0,653,13,11,3,3.0,Metropolitana
103104,1,55599.0,85.14395099540582,361.0,651,2,3,1,1.0,Antofagasta
116107,1,55491.0,84.97856049004594,335.0,653,7,16,3,2.0,Maule
121120,1,54993.0,84.21592649310873,383.0,533,9,21,1,1.0,Araucanía
200508,1,54921.0,84.10566615620215,407.0,391,2,3,2,3.0,Antofagasta
116111,1,54383.0,83.28177641653905,290.0,653,7,16,3,2.0,Maule
121808,1,52116.0,79.81010719754977,362.0,452,9,21,1,1.0,Araucanía
106100,2,365292.0,559.405819295559,2290.0,653,5,6,3,3.0,Valparaíso
118105,2,329859.0,505.1439509954058,1577.0,653,8,18,3,3.0,Biobío
110860,2,311282.0,476.69525267993873,1426.0,653,13,10,1,1.0,Metropolitana
114806,2,304131.0,465.74425727411943,1437.0,653,13,14,1,1.0,Metropolitana
107802,2,292642.0,448.1500765696784,1444.0,591,5,7,1,1.0,Valparaíso
110120,2,288712.0,442.13169984686067,1198.0,653,13,10,3,3.0,Metropolitana
113130,2,281297.0,430.77641653905056,1132.0,653,13,13,3,3.0,Metropolitana
116813,2,279048.0,427.3323124042879,1152.0,653,7,16,1,1.0,Maule
109815,2,278978.0,427.2251148545176,1229.0,653,13,9,1,1.0,Metropolitana
109810,2,278342.0,426.25114854517614,1569.0,653,13,9,1,1.0,Metropolitana
116831,2,276166.0,422.91883614088823,1252.0,653,7,16,1,1.0,Maule
101100,2,273951.0,419.52679938744257,1273.0,653,15,1,3,3.0,Arica y Parinacota
124881,2,272356.0,417.0842266462481,1109.0,653,10,24,1,1.0,Los Lagos
116801,2,259873.0,397.96784073506893,1015.0,653,7,16,1,1.0,Maule
114103,2,257531.0,394.3813169984686,1047.0,653,13,14,3,3.0,Metropolitana
114811,2,256138.0,392.2480857580398,1074.0,653,13,14,1,1.0,Metropolitana
114801,2,251216.0,384.7105666156202,1031.0,653,13,14,1,1.0,Metropolitana
110867,2,250182.0,383.1271056661562,1235.0,653,13,10,1,1.0,Metropolitana
124895,2,247244.0,378.62787136294025,992.0,653,10,24,1,1.0,Los Lagos
116806,2,244055.0,373.74425727411943,1126.0,653,7,16,1,1.0,Maule
114820,2,240863.0,368.8560490045942,937.0,653,13,14,1,1.0,Metropolitana
109801,2,240777.0,368.7243491577335,1082.0,653,13,9,1,1.0,Metropolitana
109809,2,239911.0,367.39816232771824,1316.0,652,13,9,1,1.0,Metropolitana
114812,2,238476.0,365.20061255742723,998.0,636,13,14,1,1.0,Metropolitana
109101,2,237942.0,364.38284839203675,1164.0,653,13,9,3,3.0,Metropolitana
114821,2,236071.0,361.5176110260337,962.0,653,13,14,1,1.0,Metropolitana
103804,2,232945.0,356.73047473200614,741.0,652,2,3,1,1.0,Antofagasta
113809,2,230657.0,353.2266462480858,1030.0,652,13,13,1,1.0,Metropolitana
114826,2,228178.0,349.4303215926493,1005.0,632,13,14,1,1.0,Metropolitana
200135,2,224929.0,344.45482388973966,1051.0,648,13,10,1,1.0,Metropolitana
109811,2,224622.0,343.9846860643185,978.0,653,13,9,1,1.0,Metropolitana
113830,2,224096.0,343.1791730474732,814.0,653,13,13,1,1.0,Metropolitana
107100,2,224027.0,343.07350689127105,1027.0,653,5,7,3,3.0,Valparaíso
117101,2,219453.0,336.0689127105666,1041.0,653,16,17,3,3.0,Ñuble
111809,2,218310.0,334.31852986217456,976.0,653,13,11,1,1.0,Metropolitana
118812,2,217713.0,333.4042879019908,787.0,653,8,18,1,1.0,Biobío
102801,2,216704.0,331.85911179173047,760.0,653,1,2,1,1.0,Tarapacá
123100,2,216631.0,331.7473200612557,886.0,653,10,23,3,3.0,Los Lagos
116809,2,215422.0,329.895865237366,980.0,651,7,16,1,1.0,Maule
200920,2,206840.0,316.75344563552835,858.0,653,8,18,1,1.0,Biobío
120101,2,206237.0,315.8300153139357,995.0,653,8,20,3,3.0,Biobío
114822,2,205033.0,313.98621745788665,1213.0,653,13,14,1,1.0,Metropolitana
114101,2,204716.0,313.5007656967841,917.0,653,13,14,3,3.0,Metropolitana
119801,2,196409.0,300.77947932618684,722.0,653,8,19,1,1.0,Biobío
115103,3,54701.0,83.7687595712098,326.0,653,6,15,1,1.0,O'Higgins
115801,3,54379.0,83.27565084226646,297.0,653,6,15,1,1.0,O'Higgins
114102,3,53305.0,81.63093415007657,330.0,651,13,14,3,2.0,Metropolitana
200719,3,52963.0,81.10719754977029,570.0,292,6,15,1,1.0,O'Higgins
110130,3,52474.0,80.3583460949464,283.0,653,13,10,3,2.0,Metropolitana
115802,3,52456.0,80.33078101071976,298.0,653,6,15,1,1.0,O'Higgins
200149,3,51955.0,79.5635528330781,227.0,641,16,17,1,1.0,Ñuble
200114,3,50942.0,78.01225114854518,283.0,586,5,7,1,1.0,Valparaíso
201063,3,50068.0,76.67381316998468,560.0,286,13,9,1,1.0,Metropolitana
200853,3,49844.0,76.33078101071976,391.0,653,6,15,1,1.0,O'Higgins
118108,3,49630.0,76.0030627871363,239.0,653,8,18,1,1.0,Biobío
200783,3,49492.0,75.791730474732,395.0,318,7,16,1,1.0,Maule
200747,3,49458.0,75.739663093415,459.0,321,10,23,1,1.0,Los Lagos
117106,3,49186.0,75.32312404287902,264.0,653,16,17,1,1.0,Ñuble
124120,3,48776.0,74.69525267993875,267.0,617,10,24,1,1.0,Los Lagos
105103,3,47571.0,72.8499234303216,287.0,651,4,5,3,2.0,Coquimbo
200848,3,47126.0,72.16845329249617,428.0,339,4,5,1,1.0,Coquimbo
123103,3,46758.0,71.60490045941808,244.0,653,10,23,1,1.0,Los Lagos
200772,3,46376.0,71.0199081163859,440.0,317,7,16,1,1.0,Maule
200622,3,46164.0,70.69525267993875,464.0,334,2,3,1,1.0,Antofagasta
200165,3,46085.0,70.57427258805512,229.0,651,14,22,1,1.0,Los Ríos
200862,3,46035.0,70.49770290964778,209.0,653,6,15,1,1.0,O'Higgins
112107,3,45639.0,69.89127105666157,314.0,647,5,12,1,1.0,Valparaíso
103103,3,45631.0,69.87901990811639,286.0,643,2,3,1,1.0,Antofagasta
201070,3,45501.0,69.67993874425727,534.0,259,5,7,1,1.0,Valparaíso
200147,3,44687.0,68.43338437978561,269.0,573,6,15,1,1.0,O'Higgins
104104,3,44574.0,68.260336906585,222.0,580,3,4,1,1.0,Atacama
116112,3,44262.0,67.78254211332312,310.0,653,7,16,1,1.0,Maule
104101,3,44233.0,67.73813169984686,214.0,586,3,4,1,1.0,Atacama
200760,3,44048.0,67.45482388973966,347.0,318,7,16,1,1.0,Maule
121200,3,43413.0,66.48238897396631,324.0,314,9,21,1,1.0,Araucanía
110100,3,42619.0,65.26646248085758,198.0,653,13,10,3,3.0,Metropolitana
200157,3,42317.0,64.80398162327718,348.0,287,9,21,1,1.0,Araucanía
112101,3,42174.0,64.58499234303216,145.0,653,13,12,3,3.0,Metropolitana
201085,3,41858.0,64.1010719754977,416.0,260,5,7,1,1.0,Valparaíso
200734,3,41467.0,63.50229709035222,189.0,617,10,33,1,1.0,Los Lagos
200951,3,39100.0,59.87748851454824,302.0,575,3,4,1,1.0,Atacama
200112,3,39031.0,59.77182235834609,401.0,326,5,7,1,1.0,Valparaíso
124115,3,38626.0,59.151607963246555,238.0,650,10,24,1,1.0,Los Lagos
200164,3,38399.0,58.80398162327718,193.0,650,14,22,1,1.0,Los Ríos
121115,3,38217.0,58.52526799387442,362.0,314,9,21,1,1.0,Araucanía
200717,3,37479.0,57.39509954058193,349.0,237,9,21,2,,Araucanía
201045,3,37306.0,57.1301684532925,457.0,271,5,8,1,1.0,Valparaíso
104102,3,37219.0,56.996937212863706,322.0,585,3,4,1,1.0,Atacama
105809,3,37137.0,56.87136294027565,199.0,647,4,5,1,1.0,Coquimbo
200765,3,36632.0,56.09800918836141,315.0,317,7,16,1,1.0,Maule
113190,3,36343.0,55.65543644716692,208.0,649,13,13,3,3.0,Metropolitana
200854,3,36010.0,55.14548238897397,226.0,650,6,15,1,1.0,O'Higgins
200143,3,35902.0,54.98009188361409,233.0,582,13,12,1,1.0,Metropolitana
122101,3,35348.0,54.13169984686064,185.0,653,14,22,1,1.0,Los Ríos
115102,3,35322.0,54.09188361408882,192.0,637,6,15,1,1.0,O'Higgins
201067,3,35049.0,53.67381316998468,391.0,260,10,33,1,1.0,Los Lagos
200926,3,34986.0,53.577335375191424,602.0,181,5,6,1,1.0,Valparaíso
200721,3,34107.0,52.2312404287902,375.0,327,4,5,1,1.0,Coquimbo
124125,3,33924.0,51.9509954058193,189.0,648,10,24,1,1.0,Los Lagos
129108,3,33617.0,51.480857580398165,199.0,644,9,29,1,1.0,Araucanía
200162,3,33508.0,51.313935681470134,328.0,296,9,21,1,1.0,Araucanía
107104,3,33450.0,51.225114854517614,299.0,303,5,7,1,1.0,Valparaíso
108102,3,33338.0,51.053598774885145,352.0,339,5,8,1,1.0,Valparaíso
200856,3,32896.0,50.37672281776417,218.0,652,6,15,1,1.0,O'Higgins
112100,3,32320.0,49.494640122511484,152.0,653,13,12,3,3.0,Metropolitana
116103,3,32115.0,49.18070444104135,160.0,652,7,16,1,1.0,Maule
115113,3,31539.0,48.298621745788665,153.0,648,6,15,1,1.0,O'Higgins
200720,3,31352.0,48.012251148545175,238.0,648,4,5,1,1.0,Coquimbo
107107,3,31323.0,47.96784073506891,206.0,648,5,7,1,1.0,Valparaíso
200928,3,31172.0,47.73660030627871,361.0,287,4,5,1,1.0,Coquimbo
200775,3,31163.0,47.72281776416539,318.0,273,7,16,1,1.0,Maule
200877,3,30954.0,47.40275650842266,271.0,387,13,10,1,1.0,Metropolitana
200779,3,30939.0,47.37978560490046,315.0,314,7,16,1,1.0,Maule
200755,3,30821.0,47.19908116385911,355.0,292,1,2,1,1.0,Tarapacá
115114,3,30773.0,47.125574272588054,199.0,650,6,15,1,1.0,O'Higgins
200764,3,30713.0,47.03369065849923,257.0,316,7,16,1,1.0,Maule
200859,3,30278.0,46.36753445635528,264.0,624,6,15,1,1.0,O'Higgins
200459,3,30079.0,46.06278713629403,356.0,313,9,21,1,1.0,Araucanía
105106,3,29984.0,45.91730474732006,183.0,652,4,5,1,1.0,Coquimbo
200732,3,29765.0,45.58192955589587,151.0,653,10,33,1,1.0,Los Lagos
200170,3,29575.0,45.290964777947934,300.0,317,11,25,1,1.0,Aysén
121111,3,29461.0,45.11638591117917,272.0,313,9,21,1,1.0,Araucanía
200152,3,29302.0,44.872894333843796,241.0,293,9,21,1,1.0,Araucanía
121112,3,28893.0,44.24655436447167,264.0,314,9,21,1,1.0,Araucanía
128112,3,28879.0,44.225114854517614,159.0,651,8,28,1,1.0,Biobío
201078,3,28785.0,44.08116385911179,258.0,260,8,18,1,1.0,Biobío
200161,3,28463.0,43.588055130168456,244.0,293,9,21,1,1.0,Araucanía
200878,3,28406.0,43.50076569678407,134.0,653,13,10,1,1.0,Metropolitana
201069,3,28379.0,43.4594180704441,326.0,260,12,26,1,1.0,Magallanes
201319,3,28146.0,43.10260336906585,626.0,100,1,2,3,2.0,Tarapacá
200154,3,27675.0,42.381316998468606,278.0,291,9,21,1,1.0,Araucanía
200745,3,27324.0,41.84379785604901,402.0,649,8,28,1,1.0,Biobío
133160,3,27263.0,41.750382848392036,182.0,653,10,33,1,1.0,Los Lagos
115111,3,26240.0,40.18376722817764,165.0,643,6,15,1,1.0,O'Higgins
201274,3,26034.0,39.86830015313936,344.0,170,9,21,1,1.0,Araucanía
200857,3,26012.0,39.83460949464012,139.0,653,6,15,1,1.0,O'Higgins
200998,3,25994.0,39.807044410413475,279.0,260,5,7,1,1.0,Valparaíso
125102,3,25913.0,39.683001531393565,186.0,603,11,25,1,1.0,Aysén
200757,3,25772.0,39.46707503828484,316.0,300,7,16,1,1.0,Maule
121110,3,25594.0,39.19448698315467,263.0,314,9,21,3,2.0,Araucanía
200974,3,25542.0,39.11485451761103,353.0,232,8,20,1,1.0,Biobío
200999,3,25066.0,38.38591117917305,227.0,261,5,7,1,1.0,Valparaíso
116104,3,24979.0,38.25267993874426,161.0,652,7,16,1,1.0,Maule
124380,3,24210.0,37.0750382848392,166.0,622,10,24,1,1.0,Los Lagos
200695,3,23316.0,35.70597243491577,276.0,180,5,6,1,1.0,Valparaíso
200950,3,23226.0,35.56814701378254,142.0,562,3,4,1,1.0,Atacama
126102,3,23156.0,35.46094946401225,199.0,436,12,26,1,1.0,Magallanes
200850,3,23035.0,35.275650842266465,264.0,649,6,15,1,1.0,O'Higgins
121113,3,23011.0,35.23889739663093,219.0,314,9,21,1,1.0,Araucanía
200758,3,22918.0,35.09647779479326,242.0,293,7,16,1,1.0,Maule
121118,3,22082.0,33.81623277182236,245.0,314,9,21,1,1.0,Araucanía
121116,3,22052.0,33.77029096477795,270.0,315,9,21,1,1.0,Araucanía
133170,3,21901.0,33.53905053598775,126.0,653,10,33,1,1.0,Los Lagos
124145,3,21613.0,33.09800918836141,359.0,590,10,24,1,1.0,Los Lagos
200155,3,20833.0,31.903522205206738,212.0,296,9,21,1,1.0,Araucanía
200882,3,20516.0,31.418070444104135,237.0,252,14,22,1,1.0,Los Ríos
200828,3,20433.0,31.290964777947934,195.0,295,16,17,1,1.0,Ñuble
201015,3,20279.0,31.055130168453292,345.0,177,13,10,1,1.0,Metropolitana
107109,3,20274.0,31.047473200612558,229.0,303,5,7,1,1.0,Valparaíso
200970,3,20127.0,30.822358346094948,200.0,286,9,21,1,1.0,Araucanía
200967,3,19846.0,30.392036753445634,201.0,285,13,13,1,1.0,Metropolitana
200744,3,19211.0,29.419601837672282,130.0,557,13,9,1,1.0,Metropolitana
108104,3,18825.0,28.828483920367535,204.0,339,5,8,1,1.0,Valparaíso
116106,3,17493.0,26.788667687595712,114.0,651,7,16,1,1.0,Maule
121119,3,17234.0,26.392036753445634,168.0,314,9,21,1,1.0,Araucanía
200773,3,17073.0,26.145482388973967,196.0,317,7,16,1,1.0,Maule
107106,3,17006.0,26.042879019908117,193.0,301,5,7,1,1.0,Valparaíso
125104,3,16939.0,25.940275650842267,148.0,650,11,25,1,1.0,Aysén
200785,3,16492.0,25.255742725880552,194.0,317,14,22,1,1.0,Los Ríos
200786,3,16422.0,25.14854517611026,183.0,319,14,22,1,1.0,Los Ríos
121201,3,16091.0,24.641653905053598,159.0,312,9,21,1,1.0,Araucanía
200957,3,16079.0,24.623277182235835,156.0,285,8,19,1,1.0,Biobío
200949,3,15694.0,24.033690658499236,136.0,548,3,4,1,1.0,Atacama
200748,3,15609.0,23.903522205206738,185.0,316,10,23,1,1.0,Los Lagos
107103,3,15596.0,23.883614088820828,169.0,303,5,7,1,1.0,Valparaíso
200972,3,14787.0,22.644716692189892,167.0,271,8,20,1,1.0,Biobío
200777,3,14619.0,22.387442572741193,189.0,290,7,16,1,1.0,Maule
105105,3,13789.0,21.116385911179172,101.0,646,4,5,1,1.0,Coquimbo
200738,3,13712.0,20.998468606431853,150.0,501,4,5,1,1.0,Coquimbo
201215,3,13546.0,20.744257274119448,176.0,212,5,8,1,1.0,Valparaíso
200861,3,13411.0,20.5375191424196,143.0,316,6,15,1,1.0,O'Higgins
200787,3,13310.0,20.382848392036752,119.0,315,14,22,1,1.0,Los Ríos
200788,3,13178.0,20.180704441041346,138.0,319,14,22,1,1.0,Los Ríos
200735,3,13078.0,20.027565084226648,102.0,600,10,33,1,1.0,Los Lagos
200913,3,12658.0,19.3843797856049,131.0,295,2,3,1,1.0,Antofagasta
125103,3,12554.0,19.22511485451761,217.0,623,11,25,1,1.0,Aysén
200997,3,12477.0,19.10719754977029,140.0,263,5,7,1,1.0,Valparaíso
200910,3,12041.0,18.43950995405819,137.0,297,2,3,1,1.0,Antofagasta
201001,3,11811.0,18.08728943338438,214.0,192,5,7,1,1.0,Valparaíso
201002,3,11571.0,17.719754977029098,132.0,275,5,7,1,1.0,Valparaíso
201000,3,11189.0,17.13476263399694,165.0,208,5,7,1,1.0,Valparaíso
201004,3,11079.0,16.966309341500764,158.0,207,5,7,1,1.0,Valparaíso
124140,3,11055.0,16.92955589586524,77.0,639,10,24,1,1.0,Los Lagos
200741,3,10982.0,16.817764165390507,167.0,347,4,5,1,1.0,Coquimbo
200731,3,10816.0,16.563552833078102,112.0,287,5,6,1,1.0,Valparaíso
201169,3,10759.0,16.47626339969372,132.0,216,5,8,1,1.0,Valparaíso
200746,3,10758.0,16.474732006125574,71.0,622,8,28,1,1.0,Biobío
200611,3,10496.0,16.073506891271055,324.0,66,5,6,1,1.0,Valparaíso
200929,3,10483.0,16.053598774885145,107.0,299,9,21,1,1.0,Araucanía
200781,3,10329.0,15.817764165390505,117.0,204,7,16,1,1.0,Maule
201079,3,10223.0,15.655436447166922,152.0,235,12,26,1,1.0,Magallanes
200767,3,10104.0,15.473200612557427,127.0,311,7,16,1,1.0,Maule
200784,3,9982.0,15.286370597243492,117.0,310,7,16,1,1.0,Maule
200763,3,9788.0,14.989280245022972,97.0,318,7,16,1,1.0,Maule
200774,3,9633.0,14.751914241960185,102.0,316,7,16,1,1.0,Maule
200858,3,9487.0,14.52833078101072,135.0,539,6,15,1,1.0,O'Higgins
200912,3,9394.0,14.385911179173048,98.0,271,2,3,1,1.0,Antofagasta
200837,3,9053.0,13.863705972434916,123.0,293,16,17,1,1.0,Ñuble
200976,3,8963.0,13.725880551301685,185.0,132,8,20,1,1.0,Biobío
200076,3,8947.0,13.701378254211333,107.0,330,10,24,1,1.0,Los Lagos
126704,3,8339.0,12.770290964777947,97.0,433,12,26,1,1.0,Magallanes
200766,3,8005.0,12.258805513016846,101.0,315,7,16,1,1.0,Maule
200833,3,7990.0,12.23583460949464,103.0,291,16,17,1,1.0,Ñuble
201194,3,7983.0,12.225114854517612,107.0,211,6,15,1,1.0,O'Higgins
200778,3,7310.0,11.19448698315467,110.0,290,7,16,1,1.0,Maule
201178,3,7194.0,11.016845329249618,133.0,115,4,5,1,1.0,Coquimbo
200739,3,7085.0,10.849923430321592,72.0,553,4,5,1,1.0,Coquimbo
200096,3,6893.0,10.555895865237366,62.0,554,1,2,1,1.0,Tarapacá
200736,3,6824.0,10.450229709035222,60.0,524,10,33,1,1.0,Los Lagos
201003,3,6640.0,10.16845329249617,112.0,241,5,7,1,1.0,Valparaíso
200914,3,5699.0,8.727411944869832,95.0,280,2,3,1,1.0,Antofagasta
200771,3,5585.0,8.552833078101072,105.0,107,7,16,1,1.0,Maule
123104,3,5524.0,8.459418070444103,69.0,307,10,23,1,1.0,Los Lagos
200740,3,4759.0,7.287901990811639,76.0,207,4,5,1,1.0,Coquimbo
200832,3,4745.0,7.26646248085758,92.0,262,16,17,1,1.0,Ñuble
201187,3,4742.0,7.261868300153139,107.0,205,8,20,1,1.0,Biobío
200839,3,4624.0,7.081163859111792,69.0,272,16,17,1,1.0,Ñuble
200830,3,4601.0,7.04594180704441,123.0,289,16,17,1,1.0,Ñuble
201359,3,4563.0,6.987748851454824,84.0,152,8,28,1,1.0,Biobío
201180,3,4147.0,6.3506891271056665,125.0,105,4,5,1,1.0,Coquimbo
200969,3,4112.0,6.297090352220521,54.0,247,13,13,1,1.0,Metropolitana
200834,3,4105.0,6.286370597243492,100.0,275,16,17,1,1.0,Ñuble
200991,3,4022.0,6.159264931087289,164.0,74,5,7,1,1.0,Valparaíso
200752,3,3744.0,5.73353751914242,157.0,275,1,2,1,1.0,Tarapacá
200829,3,3404.0,5.212863705972435,56.0,234,16,17,1,1.0,Ñuble
200753,3,3175.0,4.862174578866769,107.0,217,1,2,1,1.0,Tarapacá
200994,3,2926.0,4.480857580398163,131.0,64,5,7,1,1.0,Valparaíso
107815,3,2809.0,4.301684532924962,104.0,60,5,7,1,1.0,Valparaíso
200973,3,2797.0,4.283307810107198,80.0,224,8,20,1,1.0,Biobío
123105,3,2743.0,4.200612557427259,34.0,318,10,23,1,1.0,Los Lagos
200836,3,2709.0,4.14854517611026,38.0,273,16,17,1,1.0,Ñuble
200849,3,2265.0,3.468606431852986,44.0,305,15,1,1,1.0,Arica y Parinacota
201161,3,2265.0,3.468606431852986,79.0,53,14,22,1,1.0,Los Ríos
200992,3,2133.0,3.2664624808575806,157.0,76,5,7,1,1.0,Valparaíso
200754,3,2114.0,3.237366003062787,184.0,147,1,2,1,1.0,Tarapacá
200749,3,2074.0,3.1761102603369067,32.0,270,10,23,1,1.0,Los Lagos
200750,3,2011.0,3.0796324655436447,27.0,294,10,23,1,1.0,Los Lagos
200768,3,1793.0,2.7457886676875956,28.0,285,7,16,1,1.0,Maule
200831,3,1750.0,2.679938744257274,37.0,276,16,17,1,1.0,Ñuble
201043,3,1639.0,2.509954058192956,51.0,170,7,16,1,1.0,Maule
200751,3,1617.0,2.476263399693721,48.0,233,1,2,1,1.0,Tarapacá
200977,3,1521.0,2.329249617151608,24.0,253,8,20,1,1.0,Biobío
200823,3,1344.0,2.0581929555895866,46.0,184,8,28,1,1.0,Biobío
200911,3,1281.0,1.9617151607963246,19.0,260,2,3,1,1.0,Antofagasta
200968,3,1237.0,1.894333843797856,108.0,40,13,13,1,1.0,Metropolitana
200993,3,1201.0,1.8392036753445635,95.0,25,5,7,1,1.0,Valparaíso
200756,3,1184.0,1.8131699846860643,35.0,165,1,2,1,1.0,Tarapacá
200769,3,1087.0,1.664624808575804,18.0,247,7,16,1,1.0,Maule
200826,3,1019.0,1.560490045941807,31.0,158,14,22,1,1.0,Los Ríos
200995,3,962.0,1.4732006125574273,93.0,41,5,7,1,1.0,Valparaíso
200742,3,893.0,1.3675344563552834,48.0,129,4,5,1,1.0,Coquimbo
200841,3,806.0,1.234303215926493,23.0,163,16,17,1,1.0,Ñuble
200978,3,801.0,1.226646248085758,24.0,187,8,20,1,1.0,Biobío
200966,3,693.0,1.0612557427258806,61.0,51,13,13,1,1.0,Metropolitana
200729,3,479.0,0.7335375191424196,25.0,167,5,6,1,1.0,Valparaíso
200824,3,432.0,0.6615620214395099,22.0,110,8,28,1,1.0,Biobío
200996,3,394.0,0.6033690658499234,18.0,61,5,7,1,1.0,Valparaíso
106330,3,392.0,0.6003062787136294,34.0,29,5,6,1,1.0,Valparaíso
201145,3,380.0,0.5819295558958653,62.0,43,5,7,1,1.0,Valparaíso
200761,3,307.0,0.47013782542113325,30.0,72,7,16,1,1.0,Maule
200835,3,285.0,0.43644716692189894,16.0,137,16,17,1,1.0,Ñuble
200762,3,142.0,0.21745788667687596,11.0,84,7,16,1,1.0,Maule
201131,3,131.0,0.2006125574272588,10.0,41,5,7,1,1.0,Valparaíso
200827,3,110.0,0.16845329249617153,8.0,74,16,17,1,1.0,Ñuble
108105,3,69.0,0.10566615620214395,5.0,34,5,8,3,2.0,Valparaíso
200770,3,47.0,0.07197549770290965,26.0,4,7,16,1,1.0,Maule
200759,3,33.0,0.05053598774885146,30.0,4,7,16,1,1.0,Maule
200825,3,28.0,0.042879019908116385,4.0,21,14,22,1,1.0,Los Ríos
110110,3,12.0,0.018376722817764167,4.0,6,13,10,3,3.0,Metropolitana
109102,3,0.0,0.0,0.0,0,13,9,3,3.0,Metropolitana
201179,3,0.0,0.0,0.0,0,4,5,1,1.0,Coquimbo
